{"success": true, "reward": -666.25723671, "state": {"my_x": 97.6772071, "my_y": 0.0360672436, "my_z": 6095.52319, "my_vx": 245.185184, "my_vy": 0.517225302, "my_vz": 1.44671144, "enemy_x": 7956.00241, "enemy_y": 0.0100014972, "enemy_z": 4261.36693, "enemy_vx": -124.924875, "enemy_vy": 0.0357016259, "enemy_vz": 4.4174328}}
